,gold,debt,stock_t,ceiling,ratio
1966-01-01,35,320999000000.0,80289.75317593236,124.35191969893489,0.28145926564493384
1966-02-01,35,320999000000.0,80404.70757855859,124.17413408071782,0.28186224336582605
1966-03-01,35,320999000000.0,80508.6788196379,124.01377200522973,0.2822267191302272
1966-04-01,35,316097000000.0,80623.94666782345,121.94535374165453,0.2870138051684094
1966-05-01,35,316097000000.0,80735.65333034602,121.7766289228824,0.2874114705717834
1966-06-01,35,316097000000.0,80851.24614801096,121.60252519123222,0.2878229703286093
1966-07-01,35,324748000000.0,80963.26774012175,124.75770995820075,0.2805437837206736
1966-08-01,35,324748000000.0,81079.18644343798,124.57934418269873,0.28094545070546867
1966-09-01,35,324748000000.0,81195.27111270584,124.40123341628498,0.28134769277471056
1966-10-01,35,329319000000.0,81307.76936072619,125.97770110825296,0.2778269462936493
1966-11-01,35,329319000000.0,81424.18130230051,125.79759111455668,0.27822472346173543
1966-12-01,35,329319000000.0,81536.9967115906,125.62353630138401,0.2786102113542747
1967-01-01,35,330947000000.0,81653.73684813555,126.06406912680518,0.2776366036923197
1967-02-01,35,330947000000.0,81770.64412671454,125.883835652976,0.27803410833845665
1967-03-01,35,330947000000.0,81876.38165887834,125.72126561932804,0.27839363394556216
1967-04-01,35,322893000000.0,81993.60770791314,122.48631576694619,0.28574620585857313
1967-05-01,35,322893000000.0,82107.21207291617,122.31684246767124,0.2861421149687593
1967-06-01,35,322893000000.0,82224.76861209828,122.14196639411222,0.28655179733283836
1967-07-01,35,335896000000.0,82338.69325679708,126.88485837921493,0.2758406357313109
1967-08-01,35,335896000000.0,82456.58121786255,126.70345142511282,0.2762355690104188
1967-09-01,35,335896000000.0,82574.63796435337,126.52230382806415,0.2766310677330283
1967-10-01,35,344663000000.0,82689.04736251904,129.64495245493728,0.26996808851594506
1967-11-01,35,344663000000.0,82807.43694110528,129.45959940146832,0.27035461380859976
1967-12-01,35,344663000000.0,82922.16888856066,129.28047779677314,0.27072919745098284
1968-01-01,36,349473000000.0,83040.89223758092,130.8972609063636,0.275024853466967
1968-02-01,36,349473000000.0,83159.78556808854,130.71011743073814,0.2754186187544052
1968-03-01,37,349473000000.0,83271.16246215109,130.5352899577987,0.28344825381674094
1968-04-01,38,345369000000.0,83390.38548075788,128.81792794849164,0.29498999560988476
1968-05-01,41,345369000000.0,83505.92511920929,128.63969416687695,0.3187196632076335
1968-06-01,41,345369000000.0,83625.48425793022,128.45577832858444,0.3191759882932143
1968-07-01,39,354743000000.0,83741.34963210713,131.7597663301271,0.29599323895493723
1968-08-01,39,354743000000.0,83861.24583855056,131.57138973272632,0.2964170256103889
1968-09-01,40,354743000000.0,83981.31370571337,131.38328245686003,0.30445273745641177
1968-10-01,39,358029000000.0,84097.67209123098,132.4168244785713,0.2945245073922708
1968-11-01,40,358029000000.0,84218.07846035161,132.22750848683384,0.30250891405083746
1968-12-01,41,358029000000.0,84334.76488985163,132.04455717527014,0.3105012495560752
1969-01-01,42,359546000000.0,84455.51071525346,132.4144577886113,0.3171859078035838
1969-02-01,43,359546000000.0,84576.42941781184,132.2251451805243,0.32520289496595356
1969-03-01,43,359546000000.0,84685.79510792438,132.05438579597265,0.32562341448042537
1969-04-01,43,352895000000.0,84807.04351886702,129.42629502446584,0.3322354239675298
1969-05-01,43,352895000000.0,84924.54597541298,129.24721950004184,0.3326957451489785
1969-06-01,41,352895000000.0,85046.13621656763,129.0624350843506,0.3176757045782056
1969-07-01,42,360685000000.0,85163.96994252417,131.7289168909387,0.3188366001276146
1969-08-01,41,360685000000.0,85285.9029775974,131.54058439890142,0.3116908761456165
1969-09-01,41,360685000000.0,85408.01058960795,131.35252116534127,0.31213713780484537
1969-10-01,40,368226000000.0,85526.34570231293,133.9132257193045,0.2987008922019696
1969-11-01,37,368226000000.0,85648.79756684254,133.72177032658044,0.2766939138603773
1969-12-01,35,368226000000.0,85767.46629642832,133.53675153929606,0.2621001304625903
1970-01-01,35,372007000000.0,85890.26338401268,134.71504949187147,0.2598076468220565
1970-02-01,35,372007000000.0,86013.23628563668,134.52244773377203,0.26017962495944985
1970-03-01,35,372007000000.0,86124.45990916801,134.34872154612415,0.2605160629532594
1970-04-01,36,370094000000.0,86247.76812034998,133.46675957485743,0.26973008196702863
1970-05-01,36,370094000000.0,86367.26673986609,133.28209362301575,0.27010380030362424
1970-06-01,35,370094000000.0,86490.92258836256,133.09154055821864,0.262976894348066
1970-07-01,35,378678000000.0,86610.75810498209,135.99006213409376,0.2573717479847024
1970-08-01,35,378678000000.0,86734.76257087136,135.7956374937149,0.25774023853763284
1970-09-01,36,378678000000.0,86858.94457945738,135.6014908217419,0.2654838068655502
1970-10-01,38,389158000000.0,86979.29000051673,139.16148099911487,0.27306406720579307
1970-11-01,37,389158000000.0,87103.82210987511,138.96252218938093,0.266258840276198
1970-12-01,37,389158000000.0,87224.5068153875,138.77025224507295,0.26662774911338166
1971-01-01,38,391668000000.0,87349.3900125417,139.46561661925853,0.27246859061857587
1971-02-01,39,391668000000.0,87474.45201051116,139.26622298761453,0.28003918799081967
1971-03-01,39,391668000000.0,87587.56513052816,139.08637055112266,0.28040130636427196
1971-04-01,39,397305000000.0,87712.96813438351,140.88642877793092,0.27681871375611966
1971-05-01,41,397305000000.0,87834.49682821699,140.69149689710363,0.2914177537679184
1971-06-01,40,397305000000.0,87960.25337514197,140.4903506275945,0.284717062925056
1971-07-01,41,412268000000.0,88082.12468937642,145.57968720771103,0.28163269743464814
1971-08-01,43,412268000000.0,88208.23577609916,145.3715523051479,0.2957937733906779
1971-09-01,42,412268000000.0,88334.52742166116,145.16371497251714,0.28932850063772186
1971-10-01,43,424131000000.0,88456.9173027276,149.1341673217183,0.288330975873816
1971-11-01,43,424131000000.0,88583.56499666697,148.92095058812245,0.2887437921271876
1971-12-01,43,424131000000.0,88706.299926041,148.714902062054,0.28914385447436514
1972-01-01,46,427344000000.0,88833.30467214897,149.62726227178774,0.3074306065725117
1972-02-01,48,427344000000.0,88960.49125658802,149.41334056161614,0.32125645420668053
1972-03-01,48,427344000000.0,89079.63710506217,149.21349714270355,0.3216867168128508
1972-04-01,49,426435000000.0,89207.17637457687,148.68322992953335,0.3295596956242003
1972-05-01,55,426435000000.0,89330.77533441101,148.47751031616073,0.3704264698598845
1972-06-01,62,426435000000.0,89458.6741696734,148.26523240338867,0.41816951280469555
1972-07-01,66,433946000000.0,89582.62158651669,150.667943081429,0.43804938628736756
1972-08-01,67,433946000000.0,89710.88100123433,150.45253351259342,0.4453231755940611
1972-09-01,65,433946000000.0,89839.32405064779,150.2374319142617,0.43264850291833096
1972-10-01,65,448473000000.0,89963.79886821446,155.05202884716783,0.4192141211133032
1972-11-01,63,448473000000.0,90092.60403136176,154.83035136224325,0.40689696461777264
1972-12-01,64,448473000000.0,90217.42977520404,154.61612652978778,0.4139283620435931
1973-01-01,65,458606000000.0,90346.59807297621,157.8835437267966,0.41169585167455264
1973-02-01,74,458606000000.0,90475.95130673237,157.6578180323664,0.4693709511114009
1973-03-01,84,458606000000.0,90592.94566226809,157.45421415702023,0.5334884204257088
1973-04-01,91,457317000000.0,90722.65160279998,156.78717976786933,0.5804045977147475
1973-05-01,102,457317000000.0,90848.35029462291,156.57024744793708,0.6514647684510888
1973-06-01,120,457317000000.0,90978.42190930097,156.3463993698027,0.7675264699647265
1973-07-01,120,460614000000.0,91104.47497781337,157.2556875198994,0.7630884573558906
1973-08-01,107,460614000000.0,91234.91329756637,157.03085946986556,0.6813947294259919
1973-09-01,103,460614000000.0,91365.53837165018,156.80635285591381,0.6568611419375631
1973-10-01,100,469073000000.0,91492.12780050964,159.46509835886351,0.6270964683128214
1973-11-01,95,469073000000.0,91623.12114001169,159.23711151986325,0.5965945946473018
1973-12-01,107,469073000000.0,91750.06745677562,159.0167894497013,0.672884922216627
1974-01-01,129,473675000000.0,91881.4300999301,160.34730132999005,0.8045037174309643
1974-02-01,150,473675000000.0,92012.98082081023,160.11805320768192,0.9368087919820118
1974-03-01,168,473675000000.0,92131.96270756106,159.91127211332937,1.0505825998366027
1974-04-01,172,474235000000.0,92263.87212709337,159.87143142590324,1.075864514791175
1974-05-01,163,474235000000.0,92391.70622171034,159.65023170433508,1.020981919411608
1974-06-01,154,474235000000.0,92523.98752755845,159.42198018066927,0.9659897576574782
1974-07-01,143,481466000000.0,92652.18201911027,161.62885989331022,0.8847429852217793
1974-08-01,155,481466000000.0,92784.83625971663,161.3977795300362,0.9603601762758728
1974-09-01,152,481466000000.0,92917.68042728603,161.16702954176031,0.9431209375278271
1974-10-01,159,492664000000.0,93046.42039101709,164.6872949528552,0.965466097706667
1974-11-01,182,492664000000.0,93179.63908019553,164.4518419528808,1.1067069717111904
1974-12-01,184,492664000000.0,93308.74199473768,164.22430472920738,1.1204188095264045
1975-01-01,176,509659000000.0,93442.33626139717,169.6465167844035,1.0374513036637873
1975-02-01,180,509659000000.0,93576.12180089674,169.4039735977932,1.0625488657507196
1975-03-01,178,509659000000.0,93697.12498357135,169.18520039673015,1.0521014815870395
1975-04-01,170,533188000000.0,93831.27531539116,176.7427812966729,0.9618497499744856
1975-05-01,167,533188000000.0,93961.28108959252,176.49823820561963,0.9461850820598321
1975-06-01,164,533188000000.0,94095.80962543172,176.2458991306011,0.9305181045856467
1975-07-01,165,553647000000.0,94226.18191908688,182.75543222024703,0.9028459400383287
1975-08-01,163,553647000000.0,94361.08972519916,182.4941472511169,0.8931793290647703
1975-09-01,144,553647000000.0,94496.19068480421,182.2332358404319,0.7901961425197438
1975-10-01,143,576649000000.0,94627.11771726499,189.54174245623673,0.7544512261356743
1975-11-01,142,576649000000.0,94762.59956095177,189.27075511690083,0.7502479710206439
1975-12-01,139,576649000000.0,94893.89571012852,189.00887819518044,0.7354151896317872
1976-01-01,131,600490000000.0,95029.75951170642,196.54187131880786,0.6665246398692658
1976-02-01,131,600490000000.0,95165.81783551825,196.2608759133284,0.6674789327744134
1976-03-01,133,600490000000.0,95293.27455199529,195.99837295145176,0.6785770616215459
1976-04-01,128,620432000000.0,95429.71016198429,202.21786555142313,0.6329806698876967
1976-05-01,127,620432000000.0,95561.93061097336,201.93807487739764,0.6289056686170021
1976-06-01,126,620432000000.0,95698.75086776407,201.64936453363646,0.6248469976159154
1976-07-01,118,634701000000.0,95831.34407994036,206.00157494092656,0.5728111546420843
1976-08-01,110,634701000000.0,95968.5500679503,205.7070550216263,0.5347410179414388
1976-09-01,114,634701000000.0,96105.95249986206,205.41295617669348,0.5549795987646403
1976-10-01,116,653543000000.0,96239.1099009323,211.21828266483558,0.5491948828315709
1976-11-01,130,653543000000.0,96376.89970536351,210.91630443198457,0.6163582296309477
1976-12-01,134,653543000000.0,96510.43251112796,210.62447851037734,0.6362033556009393
1977-01-01,132,669207000000.0,96648.61078018064,215.36434109672143,0.6129148369121981
1977-02-01,136,669207000000.0,96786.98688519302,215.05643525484547,0.6323921432010985
1977-03-01,148,669207000000.0,96912.14203406224,214.7787051417277,0.6890813495795036
1977-04-01,149,674425000000.0,97050.89544846547,216.1439337930684,0.6893554558077463
1977-05-01,147,674425000000.0,97185.36209359315,215.84487487086298,0.681044662690963
1977-06-01,141,674425000000.0,97324.50668928027,215.536282011092,0.6541822039629681
1977-07-01,143,698840000000.0,97459.35243019529,223.0299418546893,0.641169516571765
1977-08-01,145,698840000000.0,97598.88931000613,222.71107652322075,0.6510677522807525
1977-09-01,150,698840000000.0,97738.62597096001,222.3926670726925,0.6744826705593228
1977-10-01,159,718943000000.0,97874.0454853599,228.47351193373606,0.6959231232288958
1977-11-01,162,718943000000.0,98014.17609962058,228.14686394419388,0.7100689319123238
1977-12-01,160,718943000000.0,98149.97739618944,227.8311976470263,0.7022743226232097
1978-01-01,173,737951000000.0,98290.50307441184,233.5204426440184,0.7408344984328564
1978-02-01,178,737951000000.0,98431.22994948382,233.18657907068314,0.7633372414029237
1978-03-01,184,737951000000.0,98558.51126729487,232.88543516440524,0.7900880528235069
1978-04-01,175,749024000000.0,98699.62186158997,236.04194367209237,0.7413936577437636
1978-05-01,176,749024000000.0,98836.3728618334,235.71535366315217,0.7466632837651802
1978-06-01,184,749024000000.0,98977.88128290404,235.3783520312053,0.7817201472105055
1978-07-01,189,771544000000.0,99115.01781911482,242.1197252323419,0.7806055447098853
1978-08-01,206,771544000000.0,99256.92518853616,241.77356728691416,0.8520368968024472
1978-09-01,212,771544000000.0,99399.0357330357,241.4279042426064,0.8781089355229011
1978-10-01,227,789207000000.0,99536.75579014783,246.6132374526793,0.9204696485262972
1978-11-01,206,789207000000.0,99679.26698053768,246.26065514444323,0.8365120277909254
1978-12-01,208,789207000000.0,99817.3753056358,245.9199264234623,0.845803766392781
1979-01-01,227,796792000000.0,99960.28827143899,247.92847130397843,0.9155866561274498
1979-02-01,246,796792000000.0,100103.40585207733,247.5740086093043,0.9936422703734291
1979-03-01,242,796792000000.0,100232.84945875342,247.25428435955286,0.9787494709215547
1979-04-01,239,804913000000.0,100376.35727733905,249.4172280820678,0.9582337268272417
1979-05-01,258,804913000000.0,100515.43143993024,249.07213189500064,1.0358445083240506
1979-06-01,279,804913000000.0,100659.34384367843,248.7160341117351,1.1217612125266516
1979-07-01,295,826519000000.0,100798.81009182447,255.0388689385861,1.1566864346118029
1979-08-01,301,826519000000.0,100943.12822136401,254.67424052678993,1.1819020226678045
1979-09-01,355,826519000000.0,101087.65297757399,254.31013342329172,1.3959333638078548
1979-10-01,392,845116000000.0,101227.7126596296,259.67242747096583,1.5095942369307955
1979-11-01,392,845116000000.0,101372.64486800878,259.3011744725109,1.5117555899908073
1979-12-01,455,845116000000.0,101513.09941405014,258.9424027577396,1.7571475168000477
1980-01-01,675,863451000000.0,101658.44022331019,264.18198096721176,2.5550569252631044
1980-02-01,665,863451000000.0,101803.98912345663,263.80428067177775,2.5208082230757483
1980-03-01,554,863451000000.0,101940.33642202518,263.4514370155482,2.1028543487022406
1980-04-01,517,877614000000.0,102086.28892546898,267.38993991297264,1.933505801184098
1980-05-01,514,877614000000.0,102227.73224468731,267.0199765009275,1.9249496113943918
1980-06-01,601,877614000000.0,102374.09622548411,266.6382187306136,2.2539904551612477
1980-07-01,643,907701000000.0,102515.93830951443,275.39773261449744,2.3348049887544766
1980-08-01,627,907701000000.0,102662.71492772392,275.00399718791954,2.279966860160035
1980-09-01,674,907701000000.0,102809.70169253119,274.61082468386337,2.454382491207039
1980-10-01,661,930210000000.0,102952.14731973835,281.03119632890775,2.3520520448782913
1980-11-01,625,930210000000.0,103099.54847774534,280.6294067538165,2.2271365186909446
1980-12-01,538,930210000000.0,103242.39569552647,280.24112508219997,1.9197753357655645
1981-01-01,557,964531000000.0,103390.21241501339,290.16545039761235,1.919594490787051
1981-02-01,500,964531000000.0,103538.24077025724,289.7506016030857,1.7256219563779336
1981-03-01,499,964531000000.0,103672.12595827976,289.37640927880676,1.7243976495652287
1981-04-01,496,971174000000.0,103820.55794165393,290.9528569983598,1.704743528271304
1981-05-01,480,971174000000.0,103964.40413758223,290.55029169708314,1.6520375773720786
1981-06-01,461,971174000000.0,104113.25458859609,290.13489269594527,1.5889160924988
1981-07-01,409,997855000000.0,104257.50632365902,297.69328757612783,1.3738972864660517
1981-08-01,410,997855000000.0,104406.77642207962,297.26767625224204,1.379228327711287
1981-09-01,444,997855000000.0,104556.26023712427,296.8426734237662,1.4957418179769428
1981-10-01,438,1028729000000.0,104701.12576851598,305.60367253841684,1.4332288495156742
1981-11-01,413,1028729000000.0,104851.03101658219,305.16675175759434,1.3533584429540402
1981-12-01,410,1028729000000.0,104996.3049608753,304.7445199684712,1.3453892461869978
1982-01-01,384,1061299000000.0,105146.63283009037,313.9433751102107,1.2231505119838753
1982-02-01,374,1061299000000.0,105297.17593038682,313.4945310781745,1.1930032677563285
1982-03-01,330,1061299000000.0,105433.33559557721,313.08967515523983,1.054011122648409
1982-04-01,350,1079630000000.0,105584.289180946,318.04207695397434,1.1004833176543822
1982-05-01,334,1079630000000.0,105730.57907429263,317.60203073532415,1.0516305554681455
1982-06-01,315,1079630000000.0,105881.95823634061,317.1479559327961,0.9932272748645706
1982-07-01,339,1142035000000.0,106028.66055822853,335.01563544811205,1.0118930704429914
1982-08-01,364,1142035000000.0,106180.46649676494,334.53666445993014,1.0880720670412463
1982-09-01,437,1142035000000.0,106332.48978260026,334.05837825533206,1.3081545874774803
1982-10-01,422,1197074000000.0,106479.81632815213,349.6734370371732,1.2068403124230964
1982-11-01,415,1197074000000.0,106632.26820642521,349.17350982794113,1.1885208594560783
1982-12-01,445,1197074000000.0,106780.01010310547,348.69038984544005,1.2762037984392114
1983-01-01,481,1244493000000.0,106932.8917821278,361.9845911804038,1.3287858426003607
1983-02-01,491,1244493000000.0,107085.99234863442,361.4670627459102,1.3583533621848798
1983-03-01,420,1244493000000.0,107224.46513041548,361.00025370527027,1.1634340854034375
1983-04-01,433,1319581000000.0,107377.98315542392,382.2343815096899,1.1328128000673408
1983-05-01,438,1319581000000.0,107526.7582603703,381.7055181723845,1.1474814461607863
1983-06-01,413,1319581000000.0,107680.70909186771,381.1597947795374,1.0835350570982414
1983-07-01,403,1377211000000.0,107829.90363180106,397.25576025436726,1.01445980227437
1983-08-01,416,1377211000000.0,107984.28848997937,396.6878047206039,1.0486836122753966
1983-09-01,412,1377211000000.0,108138.89438781026,396.1206611913992,1.0400871258793747
1983-10-01,394,1410702000000.0,108288.72375588515,405.19211386046106,0.9723782534812231
1983-11-01,382,1410702000000.0,108443.7655271961,404.61281174245784,0.9441124673114621
1983-12-01,388,1410702000000.0,108594.01730249474,404.0529853838516,0.9602700983174244
1984-01-01,371,1463741000000.0,108749.4961761243,418.64501253918945,0.8861923321378888
1984-02-01,386,1463741000000.0,108905.19765575693,418.046476846713,0.9233423109113688
1984-03-01,394,1463741000000.0,109051.05568772885,417.4873310777783,0.9437412124168084
1984-04-01,381,1512697000000.0,109207.18892349648,430.8336883570858,0.8843319598634023
1984-05-01,377,1512697000000.0,109358.49844259478,430.2375825296921,0.8762600370319392
1984-06-01,378,1512697000000.0,109515.0718577979,429.62247296986015,0.8798422423924698
1984-07-01,348,1572267000000.0,109666.8079570434,445.92316509606496,0.7804035027537324
1984-08-01,348,1572267000000.0,109823.82279266014,445.28562989937603,0.7815208410804537
1984-09-01,340,1572267000000.0,109981.06243338487,444.64900618510995,0.7646480600891212
1984-10-01,341,1662966000000.0,110133.44417519835,469.64865883460357,0.7260746806903801
1984-11-01,342,1662966000000.0,110291.12711459646,468.977203360833,0.7292465338381571
1984-12-01,320,1662966000000.0,110443.93845942662,468.3283217821796,0.6832813330235292
1985-01-01,303,1710731000000.0,110602.06594727021,481.09121165049265,0.6298181980096658
1985-02-01,299,1710731000000.0,110760.41983325534,480.4033967885335,0.6223936008754231
1985-03-01,314,1710731000000.0,110903.64401327336,479.78298991917336,0.654462552023568
1985-04-01,327,1774640000000.0,111062.42968195867,496.99501597935887,0.6579542842207917
1985-05-01,316,1774640000000.0,111216.30968739346,496.30736867317756,0.6367022130757212
1985-06-01,317,1774640000000.0,111375.54301339953,495.5977993108478,0.6396315731038424
1985-07-01,317,1823103000000.0,111529.85684583847,508.4274598106852,0.623491107498474
1985-08-01,330,1823103000000.0,111689.5390912255,507.70056238537956,0.649989431663279
1985-09-01,323,1823103000000.0,111849.44996076945,506.9747042034441,0.6371126553690599
1985-10-01,326,1945942000000.0,112004.42040412394,540.3854738384729,0.6032730629940007
1985-11-01,322,1945942000000.0,112164.78210321699,539.6128861231043,0.5967240743886548
1985-12-01,322,1945942000000.0,112320.18944779842,538.8662723028589,0.5975508517612815
1986-01-01,347,1986816000000.0,112481.00324744414,549.3984185544939,0.6315999250834786
1986-02-01,339,1986816000000.0,112642.04729134319,548.6129450553581,0.6179219849903341
1986-03-01,346,1986816000000.0,112787.7046018079,547.9044503985601,0.6314969694958865
1986-04-01,340,2059349000000.0,112949.18776364643,567.0949481826875,0.5995468679267273
1986-05-01,342,2059349000000.0,113105.68192352298,566.3103099047795,0.6039091890407302
1986-06-01,343,2059349000000.0,113267.62034760385,565.5006575182874,0.6065421771660945
1986-07-01,348,2125304000000.0,113424.55570445303,582.8045186678103,0.5971127348076632
1986-08-01,377,2125304000000.0,113586.95067427664,581.9712845536775,0.6477982849087253
1986-09-01,418,2125304000000.0,113749.57815218515,581.1392417122041,0.7192768445105363
1986-10-01,424,2214835000000.0,113907.18127463068,604.7824922031533,0.7010784959323418
1986-11-01,398,2214835000000.0,114070.2672409005,603.9178362370573,0.659030047000917
1986-12-01,391,2214835000000.0,114228.31468676716,603.0822494406284,0.6483361106427205
1987-01-01,408,2246724000000.0,114391.86043399402,610.8907353783035,0.6678772100666083
1987-02-01,401,2246724000000.0,114555.64033692484,610.017346472726,0.6573583559855848
1987-03-01,409,2246724000000.0,114703.77211250314,609.2295523923541,0.6713397247292382
1987-04-01,438,2309296000000.0,114867.99859322571,625.3015232258201,0.7004620710668277
1987-05-01,460,2309296000000.0,115027.15131749464,624.4363497448546,0.7366643536814544
1987-06-01,450,2309296000000.0,115191.84079457556,623.5435947094247,0.7216816976681524
1987-07-01,451,2350277000000.0,115351.44221098858,633.7310108185073,0.7116584044348758
1987-08-01,461,2350277000000.0,115516.59598973273,632.8249672301616,0.7284794751663646
1987-09-01,460,2350277000000.0,115681.9862264709,631.9202190099925,0.727939993312235
1987-10-01,465,2431715000000.0,115842.26675265974,652.9118700206426,0.7121941281069043
1987-11-01,468,2431715000000.0,116008.12326668142,651.9784036074668,0.7178151874517706
1987-12-01,486,2431715000000.0,116168.85566457579,651.0763197263124,0.7464562682978485
1988-01-01,477,2487551000000.0,116335.17977043564,665.0738400413064,0.7172135953661544
1988-02-01,442,2487551000000.0,116501.7420098988,664.1229856910237,0.6655393797883633
1988-03-01,444,2487551000000.0,116657.77418445649,663.234707525633,0.6694462683601945
1988-04-01,452,2547656000000.0,116824.7982966579,678.2888596292664,0.6663827565250747
1988-05-01,451,2547656000000.0,116986.66221993319,677.350372336355,0.6658297070752105
1988-06-01,451,2547656000000.0,117154.15721573,676.3819662595777,0.6667830050142378
1988-07-01,438,2602183000000.0,117316.47747471128,689.9025629909881,0.6348722609481324
1988-08-01,431,2602183000000.0,117484.4446816445,688.9162110796719,0.6256203484086044
1988-09-01,413,2602183000000.0,117652.65237468175,687.9312693531341,0.6003506722239075
1988-10-01,407,2684392000000.0,117815.66331221191,708.6827155687679,0.5743049619509257
1988-11-01,420,2684392000000.0,117984.34522566097,707.6695137218468,0.5934973767501919
1988-12-01,419,2684392000000.0,118147.81573262301,706.6903750602274,0.5929046365804698
1989-01-01,404,2740898000000.0,118316.97320343225,720.5344673954758,0.5606948984138725
1989-02-01,388,2740898000000.0,118486.37286449909,719.504321129598,0.5392601386894422
1989-03-01,390,2740898000000.0,118639.58746609032,718.5751323970718,0.5427407412486033
1989-04-01,384,2799923000000.0,118809.44902831363,733.0001165694702,0.5238744050917301
1989-05-01,371,2799923000000.0,118974.06273894949,731.9859302308076,0.5068403430691862
1989-06-01,368,2799923000000.0,119144.4031842639,730.9394118381094,0.5034617015308865
1989-07-01,375,2857431000000.0,119309.48098295805,744.9201689350432,0.5034096479574577
1989-08-01,365,2857431000000.0,119480.30166145718,743.855158494697,0.4906869245064221
1989-09-01,362,2857431000000.0,119651.36691150222,742.7916706970248,0.4873506452492992
1989-10-01,367,2952994000000.0,119817.14712217606,766.5712503257888,0.47875523618192944
1989-11-01,394,2952994000000.0,119988.69464881533,765.4752853903335,0.5147128947462887
1989-12-01,409,2952994000000.0,120154.94223620874,764.4161660812397,0.5350488623189751
1990-01-01,410,3051958000000.0,120326.97339910305,788.9046160921283,0.5197079490179078
1990-02-01,417,3051958000000.0,120499.25086664748,787.7767212013554,0.5293378044531161
1990-03-01,393,3051958000000.0,120655.06831862305,786.7593635127491,0.49951741056543725
1990-04-01,374,3143754000000.0,120827.81553422356,809.2646471854653,0.4621479528368519
1990-05-01,369,3143754000000.0,120995.2257463387,808.1449404746679,0.45660126237165577
1990-06-01,352,3143754000000.0,121168.45998042359,806.9895377418502,0.43618905021368704
1990-07-01,363,3233313000000.0,121336.34216464832,828.8306206564346,0.4379664444739067
1990-08-01,395,3233313000000.0,121510.06479024696,827.6456436601212,0.4772573903164404
1990-09-01,389,3233313000000.0,121684.03614223795,826.4623608223569,0.47068084215345557
1990-10-01,381,3364820000000.0,121852.63267120383,858.8866601384967,0.4435975288503878
1990-11-01,382,3364820000000.0,122027.09449283202,857.6587121002132,0.44539861207095766
1990-12-01,377,3364820000000.0,122196.16633843744,856.4720468741313,0.4401778217700602
1991-01-01,384,3465189000000.0,122371.12001246194,880.7586753555116,0.43598775776463544
1991-02-01,364,3465189000000.0,122546.32417542546,879.4994569535984,0.4138717734526177
1991-03-01,363,3465189000000.0,122704.78869569968,878.3636458657915,0.4132684699651882
1991-04-01,358,3537988000000.0,122880.47058692414,895.5347179554986,0.39976116260161554
1991-05-01,357,3537988000000.0,123050.72480822916,894.2956471065074,0.39919684408067185
1991-06-01,367,3537988000000.0,123226.90199153748,893.0170749310669,0.41096638608878694
1991-07-01,368,3665303000000.0,123397.63620293976,923.8723708348642,0.3983234174082444
1991-08-01,356,3665303000000.0,123574.31007468671,922.5515128939477,0.38588631098036486
1991-09-01,349,3665303000000.0,123751.23689825606,921.2325433802158,0.37884028577566103
1991-10-01,359,3801698000000.0,123922.69758987785,954.1918286798408,0.37623461992615215
1991-11-01,360,3801698000000.0,124100.12321531304,952.8276230884011,0.37782279950399805
1991-12-01,362,3801698000000.0,124272.0672983798,951.5092811992358,0.3804482070251095
1992-01-01,354,3881288000000.0,124449.99313193055,970.0406412746272,0.3649331635578137
1992-02-01,354,3881288000000.0,124628.17370979299,968.6537766767808,0.3654556545626542
1992-03-01,344,3881288000000.0,124795.08971138755,967.3581823091956,0.3556076810957781
1992-04-01,339,3984656000000.0,124973.7643793371,991.7013858593305,0.3418367714654843
1992-05-01,337,3984656000000.0,125146.91891590692,990.3292578407453,0.34029086521666
1992-06-01,341,3984656000000.0,125326.09731334163,988.9133866602285,0.3448229183666223
1992-07-01,353,4064621000000.0,125499.74001673759,1007.3634003868873,0.35041971930330906
1992-08-01,343,4064621000000.0,125679.42356379944,1005.9231755367954,0.34098031374708443
1992-09-01,345,4064621000000.0,125859.3643717694,1004.4850097724496,0.34345958042535085
1992-10-01,344,4177009000000.0,126033.74593112309,1030.8310797103416,0.3337113197020236
1992-11-01,335,4177009000000.0,126214.19403815005,1029.3573031797712,0.3254457892950843
1992-12-01,335,4177009000000.0,126389.0672236202,1027.9330740549885,0.32589670325373676
1993-01-01,329,4230580000000.0,126570.02405990966,1039.6280456568584,0.31645933502316304
1993-02-01,329,4230580000000.0,126751.23998013191,1038.1416921268092,0.316912423896576
1993-03-01,330,4230580000000.0,126915.14187252049,1036.8010058588304,0.3182867282489234
1993-04-01,342,4351950000000.0,127096.85191323029,1065.0206806073322,0.3211205249131624
1993-05-01,367,4351950000000.0,127272.94804510099,1063.5471072746016,0.3450716921608276
1993-06-01,372,4351950000000.0,127455.1703727864,1062.0265567239742,0.35027372681480373
1993-07-01,392,4411489000000.0,127631.76296459103,1075.066601321906,0.36462857233030516
1993-08-01,379,4411489000000.0,127814.49902351972,1073.5295813804105,0.3530410401105654
1993-09-01,355,4411489000000.0,127997.49671377323,1071.9947589123528,0.3311583354756169
1993-10-01,364,4535687000000.0,128174.84071341704,1100.6499750940243,0.330713676679005
1993-11-01,374,4535687000000.0,128358.35432085878,1099.0763786691646,0.34028572286565223
1993-12-01,383,4535687000000.0,128536.19829849422,1097.5556855298378,0.3489572374773033
1994-01-01,387,4575869000000.0,128720.22927762644,1105.6959418203849,0.35000580662605557
1994-02-01,382,4575869000000.0,128904.52374207819,1104.1151311899373,0.34597841222256176
1994-03-01,384,4575869000000.0,129071.2100433884,1102.6892449107522,0.3482395441619453
1994-04-01,377,4645802000000.0,129256.0070225779,1117.9410374184947,0.3372270874594187
1994-05-01,381,4645802000000.0,129435.09472235246,1116.3942429474564,0.34127728838344784
1994-06-01,386,4645802000000.0,129620.41269138489,1114.798136983536,0.3462510271540763
1994-07-01,385,4692750000000.0,129800.00528508672,1124.5056599974157,0.34237266533712674
1994-08-01,380,4692750000000.0,129985.84571276537,1122.8979571615027,0.33841009111867665
1994-09-01,392,4692750000000.0,130171.95221643135,1121.292552854179,0.3495965428488657
1994-10-01,390,4800150000000.0,130352.30898308849,1145.3679277380872,0.34050193877017815
1994-11-01,384,4800150000000.0,130538.94016848106,1143.7303981719017,0.33574345896005914
1994-12-01,379,4800150000000.0,130719.80540688886,1142.1479212817646,0.33183092394430913
1995-01-01,379,4864116000000.0,130906.96275321972,1155.713308359996,0.32793600044098853
1995-02-01,377,4864116000000.0,131094.38806102876,1154.060988029872,0.32667251030085215
1995-03-01,382,4864116000000.0,131263.90607353966,1152.5706002236645,0.33143305922072813
1995-04-01,391,4951372000000.0,131451.8424329404,1171.5688508394992,0.3337405221381783
1995-05-01,385,4951372000000.0,131633.97252216967,1169.9478563860673,0.32907449498583047
1995-06-01,388,4951372000000.0,131822.43872212732,1168.2751849594183,0.3321135336906756
1995-07-01,386,4973983000000.0,132005.08228255616,1171.9864267194005,0.3293553501984515
1995-08-01,384,4973983000000.0,132194.0798168264,1170.3108407540149,0.3281179551858156
1995-09-01,383,4973983000000.0,132383.34794725358,1168.6376503695533,0.3277320389933403
1995-10-01,383,4988665000000.0,132566.768662611,1170.4654756575355,0.32722024524887505
1995-11-01,385,4988665000000.0,132756.57038819743,1168.792064191952,0.32939990935528035
1995-12-01,387,4988665000000.0,132940.50821335884,1167.174911728473,0.3315698410848212
1996-01-01,399,5117786000000.0,133130.84503844546,1195.6728579096093,0.3337033180610709
1996-02-01,405,5117786000000.0,133321.4543772111,1193.963407514766,0.33920637554798033
1996-03-01,396,5117786000000.0,133500.0133934351,1192.3664568775778,0.33211266361601277
1996-04-01,393,5161076000000.0,133691.15128691707,1200.7332267480194,0.32730001239690293
1996-05-01,392,5161076000000.0,133876.38399923508,1199.0718801705516,0.32691951707202355
1996-06-01,385,5161076000000.0,134068.06075921553,1197.3575702023666,0.32154137542633215
1996-07-01,383,5224811000000.0,134253.8156898193,1210.4668066922925,0.316406858810595
1996-08-01,387,5224811000000.0,134446.0328355004,1208.7362054271086,0.320169114040274
1996-09-01,383,5224811000000.0,134638.52518699892,1207.0080783980811,0.3173135348922524
1996-10-01,381,5323172000000.0,134825.07051152352,1228.0294459679108,0.31025314682067956
1996-11-01,378,5323172000000.0,135018.1055480833,1226.2737354427438,0.3082509141921105
1996-12-01,369,5323172000000.0,135205.17679148243,1224.5770507603902,0.3013285278953029
1997-01-01,355,5380890000000.0,135398.75604307116,1236.0851163344644,0.28719705084123254
1997-02-01,347,5380890000000.0,135592.6124506648,1234.3178886381932,0.281126931071898
1997-03-01,352,5380890000000.0,135767.94711230643,1232.7238547445852,0.2855465144486336
1997-04-01,344,5376151000000.0,135962.33210713742,1229.877313422839,0.2797026957450111
1997-05-01,344,5376151000000.0,136150.71160201688,1228.175642793724,0.2800902314081927
1997-06-01,341,5376151000000.0,136345.6446177537,1226.4197232513327,0.2780451044084507
1997-07-01,324,5413146000000.0,136534.55520250203,1233.1505428205169,0.26274164325381777
1997-08-01,324,5413146000000.0,136730.03778415537,1231.3875106764144,0.263117822124104
1997-09-01,323,5413146000000.0,136925.8002468958,1229.6269991348122,0.26268128483456255
1997-10-01,325,5502388000000.0,137115.51465298695,1248.1694560147434,0.26038131155499217
1997-11-01,306,5502388000000.0,137311.82902006674,1246.384951369262,0.24551002454244372
1997-12-01,289,5502388000000.0,137502.07827948214,1244.6604406061408,0.2321918417036369
1998-01-01,289,5542426000000.0,137698.9461068604,1251.92474751929,0.23084454602615564
1998-02-01,297,5542426000000.0,137896.0957986435,1250.1348739432499,0.2375743659267619
1998-03-01,296,5542426000000.0,138074.4090921303,1248.5204135364213,0.2370806250268532
1998-04-01,308,5547935000000.0,138272.09635093127,1247.9746235572666,0.2467998901468581
1998-05-01,299,5547935000000.0,138463.67608675096,1246.2479133077065,0.23992016099462468
1998-06-01,292,5547935000000.0,138661.92067638255,1244.4661558868675,0.2346387634719616
1998-07-01,293,5526193000000.0,138854.040524367,1237.8740651046344,0.2366961294848951
1998-08-01,284,5526193000000.0,139052.84401608707,1236.10427975293,0.22975407872284473
1998-09-01,289,5526193000000.0,139251.9321435885,1234.337024658769,0.23413378536538162
1998-10-01,296,5614217000000.0,139444.86946844647,1252.2631252402355,0.23637204836101441
1998-11-01,294,5614217000000.0,139644.51887618485,1250.4727678864429,0.2351110776262011
1998-12-01,292,5614217000000.0,139838.00014059752,1248.7426011792456,0.23383521930320214
1999-01-01,287,5651615000000.0,140038.21241096515,1255.2636372394932,0.22863722925261712
1999-02-01,287,5651615000000.0,140238.71133412505,1253.4689900614492,0.22896457931993222
1999-03-01,286,5651615000000.0,140420.05386124668,1251.850223880438,0.22846183556485536
1999-04-01,283,5638780000000.0,140621.09948375585,1247.2215292231192,0.22690435770161668
1999-05-01,276,5638780000000.0,140815.93382705963,1245.4958609624596,0.22159848832152715
1999-06-01,261,5638780000000.0,141017.54624848376,1243.715178748915,0.20985512154201302
1999-07-01,256,5656271000000.0,141212.92987952137,1245.8469192689527,0.20548270902352722
1999-08-01,257,5656271000000.0,141415.1106978112,1244.0657351482548,0.2065807237825527
1999-09-01,265,5656271000000.0,141617.58098735075,1242.2870975818907,0.21331622981178985
1999-10-01,311,5776091000000.0,141813.79598277633,1266.8479183767392,0.24549118760718824
1999-11-01,293,5776091000000.0,142016.83708773073,1265.0367091818923,0.2316138321309941
1999-12-01,283,5776091000000.0,142213.60526330076,1263.286391658938,0.2240188779587553
2000-01-01,284,5773392000000.0,142417.21879294436,1260.8908211805276,0.22523758221516818
2000-02-01,300,5773392000000.0,142621.12384511408,1259.0881288321464,0.2382676741446699
2000-03-01,286,5773392000000.0,142812.1380197307,1257.4040725394998,0.22745273873845806
2000-04-01,280,5685938000000.0,143016.60849528265,1236.5867318305409,0.22642973015367157
2000-05-01,275,5685938000000.0,143214.7618812255,1234.8757779825887,0.22269446441751925
2000-06-01,286,5685938000000.0,143419.80881122715,1233.1102792742338,0.23193383820328684
2000-07-01,282,5674179000000.0,143618.520842132,1228.857487728428,0.22948145152395472
2000-08-01,274,5674179000000.0,143824.14585175551,1227.1005933540957,0.2232905773853976
2000-09-01,274,5674179000000.0,144030.0652638303,1225.34621080711,0.22361027241396692
2000-10-01,270,5662216000000.0,144229.62282158443,1221.0709587627362,0.2211173708312419
2000-11-01,266,5662216000000.0,144436.12277303071,1219.3251967687422,0.2181534513556433
2000-12-01,271,5662216000000.0,144636.2429344655,1217.638126154433,0.22256201919028043
2001-01-01,265,5773740000000.0,144843.32506197187,1239.845798121265,0.21373625688093936
2001-02-01,262,5773740000000.0,145050.70367814988,1238.0731937879623,0.21161915249808022
2001-03-01,263,5773740000000.0,145238.2685874073,1236.4743101844501,0.21270154813064185
2001-04-01,260,5726815000000.0,145446.212661757,1224.6716779818746,0.21230179865713206
2001-05-01,272,5726815000000.0,145647.73233009985,1222.9772099223483,0.22240806925361298
2001-06-01,270,5726815000000.0,145856.26265186066,1221.2287225659984,0.2210888058976262
2001-07-01,268,5807464000000.0,146058.35045557466,1236.7134165979742,0.21670339821915297
2001-08-01,272,5807464000000.0,146267.46867752765,1234.9452906224399,0.22025267197294704
2001-09-01,283,5807464000000.0,146476.88630331898,1233.1796925320436,0.22948804761690994
2001-10-01,283,5943439000000.0,146679.83399791716,1260.3069681068507,0.2245484688742964
2001-11-01,276,5943439000000.0,146889.84202543716,1258.5051104917,0.2193078102735446
2001-12-01,276,5943439000000.0,147093.3618813769,1256.7638301544318,0.2196116671865747
2002-01-01,282,6006032000000.0,147303.96197511873,1268.1836542952447,0.22236526945043547
2002-02-01,296,6006032000000.0,147514.86359436053,1266.3705354022068,0.2337388558286289
2002-03-01,294,6006032000000.0,147705.61490616106,1264.7351077916385,0.232459744486223
2002-04-01,303,6126469000000.0,147917.0915897283,1288.2519807110154,0.23520243286004297
2002-05-01,314,6126469000000.0,148122.03472777153,1286.4695423047206,0.24407884498957236
2002-06-01,321,6126469000000.0,148334.10761807679,1284.6302801248535,0.24987734211652082
2002-07-01,313,6228236000000.0,148539.62854312587,1304.1623682642642,0.2400007910185125
2002-08-01,310,6228236000000.0,148752.29932102803,1302.2978106968487,0.2380407902506736
2002-09-01,319,6228236000000.0,148965.27458912056,1300.4359188825686,0.24530236005331857
2002-10-01,317,6405707000000.0,149171.6700131088,1335.640734263919,0.23733927235657493
2002-11-01,319,6405707000000.0,149385.24571283153,1333.7311721579867,0.23917863408999857
2002-12-01,332,6405707000000.0,149592.22301819027,1331.8858082846748,0.24927061909878007
2003-01-01,357,6460776000000.0,149806.40084231316,1341.4152873309802,0.2661368208426523
2003-02-01,359,6460776000000.0,150020.88531433142,1339.4974693614517,0.26801095799840363
2003-03-01,341,6460776000000.0,150214.87716012858,1337.7676035090496,0.2549022708469956
2003-04-01,328,6670121000000.0,150429.94646581792,1379.1399814224874,0.2378293751310804
2003-05-01,356,6670121000000.0,150638.37123237495,1377.2317894636535,0.2584895314815816
2003-06-01,356,6670121000000.0,150854.04687332083,1375.2627647335905,0.25885962241474825
2003-07-01,351,6783320000000.0,151063.05924248297,1396.6673063494195,0.2513125340618423
2003-08-01,360,6783320000000.0,151279.3429280992,1394.6704947110948,0.25812548653262635
2003-09-01,379,6783320000000.0,151495.93627666615,1392.6765379092083,0.27213785088171555
2003-10-01,379,6997964000000.0,151705.8380009879,1434.7569848131275,0.26415623273607103
2003-11-01,390,6997964000000.0,151923.04198147717,1432.7057164599426,0.27221221742846596
2003-12-01,407,6997964000000.0,152133.53547232487,1430.7234104109914,0.2844714757851657
2004-01-01,414,7131068000000.0,152351.35180626376,1455.8519189435547,0.28436958087084907
2004-02-01,405,7131068000000.0,152569.47999751393,1453.7704912175611,0.2785859270405225
2004-03-01,407,7131068000000.0,152773.81812434745,1451.8260432573782,0.2803366160086491
2004-04-01,403,7274335000000.0,152992.55117937294,1478.8766377382692,0.27250413571772353
2004-05-01,384,7274335000000.0,153204.52650419145,1476.8304491379438,0.26001630737241954
2004-06-01,392,7274335000000.0,153423.87622351781,1474.7190284615488,0.26581334643043214
2004-07-01,398,7379053000000.0,153636.44916087124,1493.8785999095383,0.26642057796671087
2004-08-01,401,7379053000000.0,153856.41728303256,1491.742805536044,0.26881309466473635
2004-09-01,405,7379053000000.0,154076.7003433158,1489.6100647022463,0.2718832327982117
2004-10-01,420,7596143000000.0,154290.17778617475,1531.312366927672,0.27427454324205675
2004-11-01,439,7596143000000.0,154511.0818806193,1529.1230535942161,0.28709265678005896
2004-12-01,442,7596143000000.0,154725.16117086724,1527.0073435472016,0.2894550585285625
2005-01-01,424,7776939000000.0,154946.68805032683,1561.116565763046,0.2716004744929193
2005-02-01,423,7776939000000.0,155168.53209965042,1558.8846414435416,0.2713478526597697
2005-03-01,434,7776939000000.0,155369.1803619812,1556.8714526389726,0.27876418394360625
2005-04-01,429,7836496000000.0,155591.62931229625,1566.5513136457112,0.2738499506930432
2005-05-01,422,7836496000000.0,155807.205730287,1564.3838174813873,0.269754771996688
2005-06-01,431,7836496000000.0,156030.28182096,1562.1472219805455,0.2759022926491928
2005-07-01,424,7932710000000.0,156246.46600388628,1579.1388280054434,0.26850077553696783
2005-08-01,438,7932710000000.0,156470.171002986,1576.881137304188,0.27776348491858943
2005-09-01,456,7932710000000.0,156694.1962904602,1574.6266744174936,0.28959245223550495
2005-10-01,470,8170413000000.0,156911.300344872,1619.5662797096345,0.29020115193079
2005-11-01,477,8170413000000.0,157135.95721680092,1617.2507899851591,0.2949449788207414
2005-12-01,510,8170413000000.0,157353.67334294517,1615.0131455151002,0.3157869032931853
2006-01-01,550,8371156000000.0,157578.96357992655,1652.327507846886,0.3328637920678896
2006-02-01,555,8371156000000.0,157804.57637493787,1649.9651794792112,0.3363707349116168
2006-03-01,557,8371156000000.0,158008.63330329204,1647.8343666281844,0.3380194097661278
2006-04-01,611,8420042000000.0,158234.86127551371,1655.0877514309377,0.36916471617396013
2006-05-01,675,8420042000000.0,158454.09996300482,1652.797755360208,0.40839842491974565
2006-06-01,596,8420042000000.0,158680.96572961158,1650.4347546808783,0.36111697133719184
2006-07-01,634,8506974000000.0,158900.8225069106,1665.167391927806,0.38074250256966796
2006-08-01,633,8506974000000.0,159128.32786600757,1662.7867064110444,0.38068622846177663
2006-09-01,598,8506974000000.0,159356.15895462316,1660.4094245542133,0.3601521354653543
2006-10-01,586,8680224000000.0,159576.951230429,1691.880584618383,0.3463601422745666
2006-11-01,628,8680224000000.0,159805.4246330239,1689.4617073190693,0.3717160307803276
2006-12-01,630,8680224000000.0,160026.8393785995,1687.1241510970108,0.37341650262688614
2007-01-01,631,8849665000000.0,160255.95690602073,1717.5982413440163,0.3673734548693087
2007-02-01,665,8849665000000.0,160485.40247117353,1715.1425955773466,0.38772286439317866
2007-03-01,655,8849665000000.0,160692.92597287564,1712.9276107222402,0.38238627009101994
2007-04-01,679,8867677000000.0,160922.9971660327,1713.9600332305843,0.39615859578719365
2007-05-01,667,8867677000000.0,161145.96033863217,1711.5885808782277,0.38969645360554916
2007-06-01,656,8867677000000.0,161376.68016119493,1709.1415271075946,0.38381841971282415
2007-07-01,665,9007653000000.0,161600.2719238762,1733.7181583861711,0.3835686883610968
2007-08-01,665,9007653000000.0,161831.64220449646,1731.239466015767,0.3841178606737837
2007-09-01,713,9007653000000.0,162063.34374821495,1728.764317425439,0.4124333159894431
2007-10-01,755,9229172000000.0,162287.8869019004,1768.8278674712458,0.42683633262707704
2007-11-01,806,9229172000000.0,162520.2416713989,1766.2989788405002,0.4563213870672702
2007-12-01,803,9229172000000.0,162745.41786953603,1763.855109796226,0.4552528127396862
2008-01-01,890,9437594000000.0,162978.42770642464,1801.1094466388427,0.4941398767636702
2008-02-01,922,9437594000000.0,163211.77115383692,1798.5344051177913,0.5126396233379897
2008-03-01,968,9437594000000.0,163430.3626283265,1796.128828325252,0.5389368428001812
2008-04-01,910,9492006000000.0,163664.3531310219,1803.901597814808,0.5044621065264018
2008-05-01,889,9492006000000.0,163891.11452658477,1801.4057014084638,0.49350348969414176
2008-06-01,889,9492006000000.0,164125.76470821965,1798.8302363327334,0.49421006054045435
2008-07-01,940,10024725000000.0,164353.16540202417,1897.157261297191,0.4954781657674863
2008-08-01,839,10024725000000.0,164588.47712240173,1894.4449004637495,0.4428737936873316
2008-09-01,830,10024725000000.0,164824.12574901176,1891.7364174855811,0.4387503419230054
2008-10-01,807,10699805000000.0,165052.4940409596,2016.3350950316171,0.40023109352631975
2008-11-01,761,10699805000000.0,165288.80702118354,2013.4523459572893,0.37795779052232054
2008-12-01,816,10699805000000.0,165517.81914162394,2010.6665130267645,0.4058355747774559
2009-01-01,859,11126941000000.0,165754.7983484442,2087.942879235588,0.4114097222403357
2009-02-01,943,11126941000000.0,165992.1168489112,2084.957752697248,0.4522873419281848
2009-03-01,924,11126941000000.0,166206.76107706534,2082.265177830488,0.4437475158484452
2009-04-01,890,11545275000000.0,166444.72667262756,2157.462119349766,0.4125217272728921
2009-05-01,929,11545275000000.0,166675.3403510634,2154.4770330473693,0.4311951279823991
2009-06-01,946,11545275000000.0,166913.9768323663,2151.396782801276,0.43971433236422286
2009-07-01,934,11909828000000.0,167145.24066961222,2216.258488991323,0.421430985888784
2009-08-01,949,11909828000000.0,167384.54992805386,2213.089909957335,0.4288122211981416
2009-09-01,997,11909828000000.0,167624.20181618058,2209.9258610326037,0.4511463563461557
2009-10-01,1043,12311349000000.0,167856.44968938432,2281.269253181217,0.4572016207843692
2009-11-01,1127,12311349000000.0,168096.77721734074,2278.007728425682,0.494730542805868
2009-12-01,1135,12311349000000.0,168329.67985656674,2274.8558540053205,0.4989327117151685
2010-01-01,1118,12773123000000.0,168570.68492915397,2356.8067880447365,0.4743706635907645
2010-02-01,1095,12773123000000.0,168812.03505939868,2353.437267470827,0.4652769016345041
2010-03-01,1113,12773123000000.0,169030.3257207645,2350.3979703777845,0.47353682824237
2010-04-01,1149,13201792000000.0,169272.33393912794,2425.8047445450443,0.4736572482116623
2010-05-01,1205,13201792000000.0,169506.8653440423,2422.448376685658,0.49743062085337614
2010-06-01,1233,13201792000000.0,169749.55584533172,2418.9850085021135,0.5097179170876712
2010-07-01,1193,13561622000000.0,169984.74845412694,2481.479066044598,0.48076166199604725
2010-08-01,1216,13561622000000.0,170228.12316187198,2477.9313018370362,0.49073192590065257
2010-09-01,1271,13561622000000.0,170471.8463199863,2474.3886098587936,0.5136622416284613
2010-10-01,1342,14025215000000.0,170708.03968180378,2555.4329471240735,0.5251556302857835
2010-11-01,1370,14025215000000.0,170952.44995769687,2551.7794512438595,0.5368802540251653
2010-12-01,1391,14025215000000.0,171189.3092088758,2548.2487835123957,0.5458650697687005
2011-01-01,1360,14270114000000.0,171434.40853970803,2589.037772988554,0.5252916794760153
2011-02-01,1375,14270114000000.0,171679.8587901289,2585.336232375651,0.5318457161514037
2011-03-01,1423,14270114000000.0,171901.85783128318,2581.9974542385808,0.5511237037294586
2011-04-01,1481,14343087000000.0,172147.97734959875,2591.4906476280307,0.5714857591153364
2011-05-01,1513,14343087000000.0,172386.4930363706,2587.905035085571,0.5846427822843088
2011-06-01,1529,14343087000000.0,172633.30642841585,2584.2051139451205,0.5916713002962003
2011-07-01,1573,14790340000000.0,172872.4945517759,2661.1000078294273,0.5911089381729193
2011-08-01,1759,14790340000000.0,173120.00377375793,2657.2954400256112,0.6619512356454601
2011-09-01,1772,14790340000000.0,173367.8673656768,2653.49631160255,0.6677981771641581
2011-10-01,1666,15222940000000.0,173608.07324311748,2727.329160509216,0.6108540267610909
2011-11-01,1739,15222940000000.0,173856.63562575457,2723.429905056976,0.6385330486277446
2011-12-01,1640,15222940000000.0,174097.5187048622,2719.661740030018,0.6030161677319102
2012-01-01,1654,15606518000000.0,174346.7818482869,2784.203785823377,0.5940657104274643
2012-02-01,1745,15606518000000.0,174596.40187281556,2780.2232168663127,0.6276474455050595
2012-03-01,1676,15606518000000.0,174830.24091920385,2776.504611078433,0.6036366708388136
2012-04-01,1649,15855037000000.0,175080.55313353872,2816.685041172465,0.5854399678686092
2012-05-01,1589,15855037000000.0,175323.13198351403,2812.787847400598,0.5649199606249914
2012-06-01,1599,15855037000000.0,175574.14989185863,2808.7664118845696,0.5692890634245142
2012-07-01,1594,16066240000000.0,175817.41263351604,2842.24363861648,0.5608245466162471
2012-08-01,1630,16066240000000.0,176069.13822540187,2838.1800902318764,0.5743116885394086
2012-09-01,1745,16066240000000.0,176321.2242239883,2834.122351491897,0.6157108916209714
2012-10-01,1747,16432730000000.0,176565.52205737404,2894.7612753686117,0.603503996984187
2012-11-01,1722,16432730000000.0,176818.31875072073,2890.62264265447,0.5957194047365106
2012-12-01,1685,16432730000000.0,177063.30532204141,2886.6231480730385,0.58372704491226
2013-01-01,1672,16771381000000.0,177316.81471377818,2941.8995607973407,0.5683402731624322
2013-02-01,1628,16771381000000.0,177570.68706616096,2937.693534598348,0.5541762545433746
2013-03-01,1593,16771381000000.0,177800.30353103695,2933.8997120293902,0.5429633444757781
2013-04-01,1488,16738320000000.0,178054.8681158151,2923.9298694396316,0.5089041346553137
2013-05-01,1414,16738320000000.0,178301.56795978406,2919.8842906439945,0.48426576509582697
2013-06-01,1343,16738320000000.0,178556.8502270894,2915.709739619843,0.4606082634875389
2013-07-01,1286,16738180000000.0,178804.24558087418,2911.6511809040962,0.44167378580035965
2013-08-01,1352,16738180000000.0,179060.24755403685,2907.4884007356623,0.46500615433509984
2013-09-01,1349,16738180000000.0,179316.6160565851,2903.331572083275,0.46463862859178356
2013-10-01,1317,17156119000000.0,179565.06408651164,2971.708062971323,0.4431794685387671
2013-11-01,1276,17156119000000.0,179822.15535729154,2967.459419633809,0.42999745558692803
2013-12-01,1222,17156119000000.0,180071.3038256162,2963.353612914415,0.41237063125861
2014-01-01,1244,17601227000000.0,180329.11990229593,3035.889907345265,0.40976452966564136
2014-02-01,1300,17601227000000.0,180587.3051056937,3031.549503390721,0.4288236093608166
2014-03-01,1336,17601227000000.0,180820.8223561191,3027.634472503592,0.44126859174490884
2014-04-01,1298,17632606000000.0,181079.71155174018,3028.6957407300924,0.42856731448603885
2014-05-01,1289,17632606000000.0,181330.60239824434,3024.5052068205073,0.4261854127720459
2014-06-01,1279,17632606000000.0,181590.22146857413,3020.1810795428814,0.42348454159363935
2014-07-01,1311,17824071000000.0,181841.81964039974,3048.751818395912,0.4300120436466938
2014-08-01,1295,17824071000000.0,182102.17064314135,3044.3930258003797,0.42537214775662574
2014-09-01,1237,17824071000000.0,182362.89440196712,3040.040464959357,0.40690247852228434
2014-10-01,1222,18141444000000.0,182615.56313307665,3089.8898885781828,0.39548334861935974
2014-11-01,1175,18141444000000.0,182877.02193871298,3085.472280990029,0.3808169035383394
2014-12-01,1201,18141444000000.0,183130.40300745438,3081.2031904879054,0.38978279774201546
2015-01-01,1251,18152056000000.0,183392.5989321858,3078.5978027725996,0.4063538273409224
2015-02-01,1227,18152056000000.0,183655.17025445812,3074.196339450338,0.3991287037377014
2015-03-01,1179,18152056000000.0,183892.65455801497,3070.226233203158,0.38401078957948737
2015-04-01,1199,18151998000000.0,184155.94183211768,3065.82694263772,0.3910853490537944
2015-05-01,1199,18151998000000.0,184411.09487902225,3061.585033623464,0.39162720840092197
2015-06-01,1182,18151998000000.0,184675.12442713926,3057.207893413288,0.38662728908511673
2015-07-01,1128,18150618000000.0,184930.9968155959,3052.74580810662,0.36950341459959624
2015-08-01,1118,18150618000000.0,185195.7707303871,3048.381305314321,0.366752019522939
2015-09-01,1125,18150618000000.0,185460.92373374195,3044.0230424403835,0.36957670303904505
2015-10-01,1159,18922179000000.0,185717.8848684282,3169.030033777371,0.36572704822822816
2015-11-01,1086,18922179000000.0,185983.78540576424,3164.499279728156,0.3431822553909041
2015-12-01,1076,18922179000000.0,186241.47097946343,3160.120846675201,0.3404933077581738
2016-01-01,1098,19264939000000.0,186508.12115826973,3212.7640283649566,0.34176179461234674
2016-02-01,1200,19264939000000.0,186775.1531119701,3208.170747936707,0.37404492911475
2016-03-01,1245,19264939000000.0,187025.3033053546,3203.87975351604,0.38859136290420926
2016-04-01,1242,19381591000000.0,187293.07573168588,3218.671395470969,0.38587350101897105
2016-05-01,1261,19381591000000.0,187552.5753626054,3214.2180093334496,0.39231937483341417
2016-06-01,1276,19381591000000.0,187821.10270773966,3209.6226501523674,0.397554522473047
2016-07-01,1337,19573445000000.0,188081.33393434077,3236.909155865795,0.41304835434665904
2016-08-01,1340,19573445000000.0,188350.61832658685,3232.2813552111584,0.41456787103004544
2016-09-01,1327,19573445000000.0,188620.2882652473,3227.6601709111565,0.4111337407696774
2016-10-01,1267,19976827000000.0,188881.62678509133,3289.6199863461707,0.3851508700879689
2016-11-01,1238,19976827000000.0,189152.05699212628,3284.9168251534225,0.37687407806502954
2016-12-01,1157,19976827000000.0,189414.13229194912,3280.371781172658,0.3527039241833738
2017-01-01,1192,19846420000000.0,189685.32491074913,3254.2984741764494,0.3662847797947157
2017-02-01,1234,19846420000000.0,189956.90580805615,3249.6458120583648,0.37973369141370195
2017-03-01,1231,19846420000000.0,190202.53887909433,3245.449125277492,0.37930035335086243
2017-04-01,1267,19844554000000.0,190474.86029459216,3240.504407712574,0.39098851307977617
2017-05-01,1246,19844554000000.0,190738.76837423036,3236.0208131995773,0.3850407867951975
2017-06-01,1260,19844554000000.0,191011.85753329252,3231.3942826061543,0.3899245619088601
2017-07-01,1237,20244900000000.0,191276.50963715435,3292.0235634181186,0.37575672718320974
2017-08-01,1283,20244900000000.0,191550.36870424586,3287.3169658374427,0.39028788928272884
2017-09-01,1314,20244900000000.0,191824.61986751677,3282.6170972671634,0.40029036621235176
2017-10-01,1280,20492747000000.0,192090.3980756135,3318.2068788774704,0.38575051126197907
2017-11-01,1282,20492747000000.0,192365.42242290016,3313.462847078351,0.38690640552387806
2017-12-01,1264,20492747000000.0,192631.94992758983,3308.8783065343464,0.38200256488848894
2018-01-01,1331,21089643000000.0,192907.7496386953,3400.3881252012197,0.391425905218169
2018-02-01,1331,21089643000000.0,193183.9442244863,3395.5265990866205,0.39198632705690845
2018-03-01,1325,21089643000000.0,193433.75017543748,3391.1415176295554,0.39072388843453204
2018-04-01,1335,21195070000000.0,193710.69785953918,3403.2212710013696,0.3922754042987006
2018-05-01,1303,21195070000000.0,193979.089279795,3398.5125397986394,0.38340302845467866
2018-06-01,1282,21195070000000.0,194256.8177500928,3393.6536952036436,0.3777639426827465
2018-07-01,1238,21516058000000.0,194525.96583425347,3440.2821613421747,0.359854204376368
2018-08-01,1202,21516058000000.0,194804.47729198297,3435.363598827207,0.3498901835049858
2018-09-01,1198,21516058000000.0,195083.38750692594,3430.452068368356,0.3492251097301619
2018-10-01,1215,21974096000000.0,195353.68082587965,3498.6327443670725,0.347278519574881
2018-11-01,1221,21974096000000.0,195633.37735989402,3493.630758174356,0.3494931446728074
2018-12-01,1250,21974096000000.0,195904.43270469038,3488.796935495236,0.3582896978847988
2019-01-01,1292,22027880000000.0,196184.91777461025,3492.3360145950264,0.36995294685291646
2019-02-01,1320,22027880000000.0,196465.80442745175,3487.343030820592,0.37851166011890613
2019-03-01,1301,22027880000000.0,196719.8541483093,3482.83937496262,0.37354579408760796
2019-04-01,1286,22023283000000.0,197001.5066932958,3477.1341736404934,0.3698448020064703
2019-05-01,1284,22023283000000.0,197274.4576183515,3472.3231758017664,0.36978124874667573
2019-06-01,1359,22023283000000.0,197556.90421373764,3467.358804331233,0.3919409777558678
2019-07-01,1413,22719402000000.0,197830.6246571058,3572.007082079216,0.3955759234322436
2019-08-01,1500,22719402000000.0,198113.8675415222,3566.900192785503,0.4205332134142513
2019-09-01,1511,22719402000000.0,198397.51595734566,3561.8006047982144,0.4242236350806623
2019-10-01,1495,23201380000000.0,198672.40109106,3632.329301356053,0.41158162599461273
2019-11-01,1471,23201380000000.0,198956.84918415226,3627.1361695413366,0.4055541152142664
2019-12-01,1479,23201380000000.0,199232.50928920685,3622.117627431366,0.4083246741627319
2020-01-01,1561,23223813000000.0,199517.75931406225,3620.436249041624,0.4311635097602442
2020-02-01,1597,23223813000000.0,199803.41774403668,3615.2601206930653,0.4417386153928659
2020-03-01,1592,23223813000000.0,200071.01684785105,3610.424635855754,0.44094536254532823
2020-04-01,1683,26477241000000.0,200357.46740118842,4110.324716367605,0.4094567013886213
2020-05-01,1716,26477241000000.0,200635.0681007309,4104.63762972113,0.41806370130573145
2020-06-01,1732,26477241000000.0,200922.3262312778,4098.76923990999,0.42256587249055166
2020-07-01,1847,26945391000000.0,201200.70955803362,4165.469122144899,0.44340744003617427
2020-08-01,1969,26945391000000.0,201488.77754255632,4159.513761706255,0.4733726374768155
2020-09-01,1922,26945391000000.0,201777.25796679605,4153.566915631037,0.4627348105954367
2020-10-01,1900,27747798000000.0,202056.82582463475,4271.33796138608,0.44482548961858226
2020-11-01,1866,27747798000000.0,202346.1195488081,4265.23124054158,0.4374909341991652
2020-12-01,1858,27747798000000.0,202626.47557978137,4259.32982366918,0.4362188599894418
2021-01-01,1867,28132570000000.0,202916.5848967884,4312.218924395067,0.4329557549682868
2021-02-01,1808,28132570000000.0,203207.10957617871,4306.053756143408,0.4198739965613627
2021-03-01,1718,28132570000000.0,203469.8764714893,4300.492793527396,0.3994891010131989
2021-04-01,1760,28529436000000.0,203761.19332298046,4354.9246812206175,0.4041401697690669
2021-05-01,1850,28529436000000.0,204043.50997700763,4348.899163600962,0.4253950092667057
2021-06-01,1835,28529436000000.0,204335.64812504468,4342.681553706106,0.42254997915607817
2021-07-01,1808,28428919000000.0,204618.76070176432,4321.393691713108,0.4183835422047057
2021-08-01,1785,28428919000000.0,204911.72246179183,4315.2154063203225,0.41365258322576026
2021-09-01,1775,28428919000000.0,205205.1036681718,4309.045954006199,0.4119241286693055
2021-10-01,1777,29617215000000.0,205489.42089910337,4482.947855435052,0.39639095909750427
2021-11-01,1822,29617215000000.0,205783.6292219725,4476.538596471917,0.4070108993220718
2021-12-01,1790,29617215000000.0,206068.74801573335,4470.344812615121,0.4004165394465091
2022-01-01,1816,30400960000000.0,206363.7857869441,4582.080860404911,0.3963264846966326
2022-02-01,1856,30400960000000.0,206659.24597682466,4575.529871240771,0.4056360798048289
2022-03-01,1948,30400960000000.0,206926.47682601007,4569.6208993599375,0.42629356852618877
2022-04-01,1937,30568582000000.0,207222.74264562174,4588.247255003824,0.4221655661402201
2022-05-01,1849,30568582000000.0,207509.85537002218,4581.8989099227765,0.40354447715896097
2022-06-01,1837,30568582000000.0,207806.95643858382,4575.34818089277,0.4014994984800377
2022-07-01,1733,30928912000000.0,208094.878607023,4622.875403479916,0.3748749098224596
2022-08-01,1765,30928912000000.0,208392.81727931453,4616.266090462971,0.382343644281343
2022-09-01,1681,30928912000000.0,208691.18252362468,4609.666226763768,0.3646684851584476
2022-10-01,1664,31419689000000.0,208980.32981126185,4676.332781193935,0.3558343851600648
2022-11-01,1725,31419689000000.0,209279.53622333595,4669.64704030223,0.3694069348522654
2022-12-01,1798,31419689000000.0,209569.49869096486,4663.186069658985,0.38557329112357003
2023-01-01,1898,31458438000000.0,209869.54864226948,4662.261875877499,0.4070985394064274
2023-02-01,1855,31458438000000.0,210170.02818840463,4655.596252122759,0.39844520433965824
2023-03-01,1913,31458438000000.0,210441.79882630007,4649.58388019722,0.4114346679812682
2023-04-01,2000,32332274000000.0,210743.09768841838,4771.905435098962,0.4191197891914057
2023-05-01,1992,32332274000000.0,211035.08796011066,4765.302978711482,0.41802168905084575
2023-06-01,1943,32332274000000.0,211337.23626061014,4758.490037358321,0.4083228050801295
2023-07-01,1951,33167334000000.0,211630.0497273917,4874.635733011852,0.4002350343406176
2023-08-01,1919,33167334000000.0,211933.04986105586,4867.66647890243,0.39423407670130667
2023-09-01,1916,33167334000000.0,212236.48381345763,4860.707188717594,0.3941813249823634
2023-10-01,1916,34001494000000.0,212530.54321208774,4976.059736068282,0.3850436091255373
2023-11-01,1984,34001494000000.0,212834.83262223506,4968.945476323809,0.39927988935548336
2023-12-01,2026,34001494000000.0,213129.7210493513,4962.070393352156,0.4082973112824632
2024-01-01,2034,34586533000000.0,213434.86832899778,5040.232807930914,0.4035527876409712
2024-02-01,2023,34586533000000.0,213740.45250154604,5033.026800111448,0.4019450085096316
2024-03-01,2158,34586533000000.0,214026.7176424735,5026.2950231534305,0.429342087971211
2024-04-01,2331,34831634000000.0,214333.14919194824,5054.677370497229,0.46115702925084995
2024-05-01,2351,34831634000000.0,214630.11357726704,5047.683668013937,0.4657581882354813
2024-06-01,2326,34831634000000.0,214937.40903547837,5040.4670077190685,0.4614651770238588
2024-07-01,2398,35464674000000.0,215235.2106391821,5124.9730962996955,0.4679048952923071
2024-08-01,2470,35464674000000.0,215543.3724417093,5117.645935508955,0.48264378410038566
2024-09-01,2571,35464674000000.0,215851.97545316443,5110.3292503410585,0.5030986995267309
2024-10-01,2690,36218605000000.0,216151.04421341902,5211.746921446002,0.5161417161164952
2024-11-01,2651,36218605000000.0,216460.51725551623,5204.295700341708,0.5093868897237984
2024-12-01,2648,36218605000000.0,216760.42916692572,5197.09498443139,0.5095154135016672
2025-01-01,2710,36214309520796.45,217070.77469250344,5189.049223713408,0.5222536698275256
2025-02-01,2895,36214309520796.45,217381.5645535423,5181.630453448903,0.5587044514286199
2025-03-01,2983,36214309520796.45,217662.66042137207,5174.93874571058,0.5764319437544181
2025-04-01,3218,36211469000000.0,217974.2977114749,5167.134825809807,0.6227822784739638
2025-05-01,3309,36211469000000.0,218276.3070067203,5159.985526059501,0.6412808685777392
2025-06-01,3353,36211469000000.0,218588.8228818711,5152.608308088419,0.6507383832643664
2025-07-01,3340,37637552595557.63,218891.68361838988,5348.118866239335,0.6245186547898486
2025-08-01,3368,37637552595557.63,219205.0805555441,5340.4726745180105,0.6306557874680951
2025-09-01,3668,37637552595557.63,219518.92619700075,5332.837414537231,0.6878139562254588
2025-10-01,4058,38514009000000.0,219823.0756168628,5449.471493727446,0.7446593682838631
2025-11-01,4087,38514009000000.0,220137.80606927344,5441.680398416539,0.751054766316167
2025-12-01,4309,38514009000000.0,220442.8129639663,5434.151234648775,0.7929481190227682
2026-01-01,4753,39065421000000.0,220758.4307218388,5504.072531214503,0.8635423993860823
2026-02-01,5020,39065421000000.0,221074.5003636613,5496.203372941412,0.9133577597790815
2026-03-01,4856,39065421000000.0,221360.37156282383,5489.105416618106,0.8846614578212695
2026-04-01,4721,39065421000000.0,221677.30303006058,5481.257656790073,0.8612986828217642
2026-05-01,4587,39065421000000.0,221984.44293950358,5473.673733529293,0.8380112193940381
2026-06-01,4228,39065421000000.0,222302.26791742464,5465.84803633869,0.773530469908954
2026-07-01,4073,39065421000000.0,222610.2737326518,5458.285433983858,0.7462050215697908
2026-08-01,4411,39065421000000.0,222928.99474029182,5450.4817374053455,0.8092862635844402
